<?xml version="1.0"?>
<metadata xml:lang="en"><Esri><CreaDate>20170305</CreaDate><CreaTime>12024100</CreaTime><ArcGISFormat>1.0</ArcGISFormat><SyncOnce>TRUE</SyncOnce><scaleRange><minScale>150000000</minScale><maxScale>5000</maxScale></scaleRange></Esri><dataIdInfo><idPurp>Tools for working with point data.
Latest version 2018_12_29</idPurp><idAbs>&lt;DIV STYLE="text-align:Left;"&gt;&lt;DIV&gt;&lt;DIV&gt;&lt;P&gt;&lt;SPAN&gt;A series of tools exploiting numpy capabilities applied to point featureclasses/shapefiles&lt;/SPAN&gt;&lt;/P&gt;&lt;/DIV&gt;&lt;/DIV&gt;&lt;/DIV&gt;</idAbs><idCredit>Dan_Patterson@carleton.ca</idCredit><idCitation><resTitle>Point tools</resTitle></idCitation><searchKeys><keyword>points</keyword><keyword>numpy</keyword><keyword>numpyarraytofeatureclass</keyword><keyword>featureclasstonumpyarray</keyword><keyword>move</keyword><keyword>shift</keyword><keyword>near</keyword></searchKeys><resConst><Consts><useLimit>&lt;DIV STYLE="text-align:Left;"&gt;&lt;DIV&gt;&lt;DIV&gt;&lt;P&gt;&lt;SPAN&gt;None&lt;/SPAN&gt;&lt;/P&gt;&lt;/DIV&gt;&lt;/DIV&gt;&lt;/DIV&gt;</useLimit></Consts></resConst></dataIdInfo><mdHrLv><ScopeCd value="005"/></mdHrLv><mdDateSt Sync="TRUE">20181229</mdDateSt></metadata>
